Port_IDs,PnL,Total_Positions,Win_Positions,Win_Rate,ROI,Sharpe_Ratio,MDD,Rank_ROI,Rank_Sharpe,Rank_PnL,Rank_Win_Rate,Rank_MDD,Total_Rank,ROI_z,PnL_z,Sharpe_Ratio_z,Win_Rate_z,MDD_inv,MDD_inv_z,Weighted_Score
3672754654734989568,566.59765978,474.0,210.0,0.4430379746835443,0.9177759201397554,0.18527447769074137,80.77703672000003,85.0,69.0,136.0,48.0,58.0,396.0,-0.3710896302738097,-0.5215252076647835,-0.013051866491239855,0.48048719779667093,-80.77703672000003,0.3878615121755216,-0.10629510131679926
3733192481840423936,2923.97719988,689.0,553.0,0.8026124818577649,0.5034619124400876,0.06026543766319211,2743.12,114.0,127.0,67.0,1.0,135.0,444.0,-0.4902358241601471,-0.21723977327707514,-0.947255779142184,2.8634311245309445,-2743.12,-0.6021147694476757,-0.3792349774447932
3768170840939476993,243.66889897,14.0,6.0,0.42857142857142855,31.78550515767253,0.4242774564031249,0.0,1.0,11.0,140.0,56.0,1.0,209.0,8.505685917300797,-0.5632081511992757,1.7730391058027122,0.38461563985559394,-0.0,0.4178979693696341,1.203907933216509
3784403294629753856,2521.81430468,6050.0,1829.0,0.3023140495867769,0.6673623441311455,0.10658506601925702,271.29198096999994,100.0,104.0,82.0,107.0,78.0,471.0,-0.4431022195766571,-0.269150086902415,-0.6011049885014651,-0.45210734370978106,-271.29198096999994,0.31701967147220955,-0.08784787395585439
3786761687746711808,205.02139999,82.0,37.0,0.45121951219512196,0.6265104832208868,0.2151504978408806,123.46026665,104.0,55.0,141.0,42.0,66.0,408.0,-0.4548501780095751,-0.5681966864839371,0.2102143461966402,0.5347072404737132,-123.46026665,0.37199000882806754,-0.13091390819301552
3788465932399412480,13960.966456670001,3069.0,1369.0,0.44607363962202673,1.6536697373780231,0.15291214877945936,1772.2194397900003,52.0,84.0,10.0,45.0,126.0,317.0,-0.1594652444239707,1.2073908444096944,-0.2548984904214271,0.5006049180032706,-1772.2194397900003,-0.241091212498267,0.3749178363469369
3818233536529843712,6419.607907139999,1421.0,482.0,0.3391977480647431,1.4528842500302397,0.15428219254946593,2036.537569750004,59.0,83.0,27.0,90.0,130.0,389.0,-0.21720605492160464,0.23396865121468072,-0.24466002886567778,-0.20767459464121987,-2036.537569750004,-0.33937632567580683,-0.08128976696559563
3819545518395756033,980.06319996,68.0,26.0,0.38235294117647056,1.335088423606854,0.2147229171511931,0.0,67.0,57.0,132.0,73.0,1.0,330.0,-0.25108114510251844,-0.46815597315760576,0.20701899685876804,0.0783201109923736,-0.0,0.4178979693696341,-0.053278706499475165
3826087012661391104,532.65697373,108.0,63.0,0.5833333333333334,17.565918152037344,0.6751014185094156,12.925980129999992,2.0,1.0,137.0,8.0,46.0,194.0,4.416493568329648,-0.5259061977524904,3.6474693608840227,1.410241577412741,-12.925980129999992,0.41309152109383884,0.7640031299681376
3858510226868015873,-280.97295039000005,996.0,243.0,0.24397590361445784,-0.07163627414531466,-0.013558252740182655,827.3097301399999,144.0,144.0,146.0,120.0,107.0,661.0,-0.6556194674094371,-0.6309277823892987,-1.4989469240863096,-0.8387213218089544,-827.3097301399999,0.11026780237354535,-0.3964016972695093
3865845304835489536,1406.06618669,882.0,451.0,0.5113378684807256,1.4198052007023707,0.24357476133916597,149.03458057999978,61.0,42.0,122.0,23.0,69.0,317.0,-0.22671875000685254,-0.41316843226204825,0.42263144953946774,0.9331188885125296,-149.03458057999978,0.36248035340099444,-0.02145146312637619
3878631538480067329,3921.2330411600005,2811.0,1415.0,0.5033795802205621,0.8236074610415508,0.15606635691653395,1039.8421924399997,88.0,82.0,45.0,24.0,111.0,350.0,-0.3981700892425672,-0.08851615380988823,-0.2313268064670415,0.8803783457365956,-1039.8421924399997,0.031238879483475115,-0.07355176650026278
3879821005658659073,4268.00656095,872.0,289.0,0.33142201834862384,4.4311031077700305,0.13094012831820376,1914.9818661299987,23.0,90.0,43.0,95.0,129.0,380.0,0.6392541054054732,-0.04375538054086324,-0.41909739539044394,-0.2592052997753743,-1914.9818661299987,-0.29417656548729637,-0.06828651136455922
3880920727367689984,-176.82699999,145.0,49.0,0.33793103448275863,-0.217877892210825,-0.038627756774756765,609.39066665,146.0,146.0,145.0,91.0,95.0,623.0,-0.6976748453509803,-0.617484849158513,-1.686293605191584,-0.2160692593821194,-609.39066665,0.19129970064665702,-0.3627429676412585
3886752488982104320,7195.178324639999,1249.0,931.0,0.745396317053643,1.8038224652046706,0.22171358766665433,38.20810000000074,46.0,54.0,21.0,3.0,50.0,174.0,-0.11628513057379022,0.33407759734442993,0.2592609126926809,2.48425265188981,-38.20810000000074,0.4036905162775322,0.33664977684368547
3887577207880438784,2417.51403674,6050.0,2893.0,0.4781818181818182,0.4342428158882705,0.08791090507202251,577.6136464800004,121.0,115.0,89.0,35.0,93.0,453.0,-0.5101414796415766,-0.2826129391063206,-0.7406586897260753,0.7133897166221649,-577.6136464800004,0.20311579523058124,-0.13064613148243553
3891020560590657281,2856.30056379,437.0,283.0,0.6475972540045767,3.908881805524462,0.43247702595319554,0.0,27.0,9.0,70.0,6.0,1.0,113.0,0.4890765121486473,-0.22597532657269379,1.834315233945456,1.836126384083628,-0.0,0.4178979693696341,0.2628849793861679
3907081197088384000,18015.99737026,4137.0,2540.0,0.6139714769156394,2.1914685580574753,0.22272929259108767,2060.7071223800012,37.0,52.0,5.0,7.0,131.0,232.0,-0.004807952201868898,1.7308054333667944,0.26685136786532565,1.6132842757108563,-2060.7071223800012,-0.34836362902896406,0.6161482347113076
3910887259807777281,1803.3020100100007,75.0,17.0,0.22666666666666666,1.6385889156525217,0.10829621222172858,663.3218999799999,54.0,101.0,111.0,126.0,101.0,493.0,-0.1638021060214052,-0.36189409438086095,-0.5883174374802393,-0.9534317371420374,-663.3218999799999,0.17124569461821912,-0.152198416155882
3910983669796782848,6761.648048249999,640.0,274.0,0.428125,1.430241820983494,0.33103886186548587,201.7234222300001,60.0,19.0,25.0,57.0,73.0,234.0,-0.2237174428812818,0.2781184502374017,1.076258618504021,0.381657103497256,-201.7234222300001,0.34288832327598046,0.27512137855142244
3911997667197443328,605.7223102399998,64.0,30.0,0.46875,1.2176829054710678,0.17285573562279427,257.0679696599998,71.0,72.0,134.0,37.0,77.0,391.0,-0.2848439925254141,-0.5164750827027321,-0.10585825415346263,0.6508839121060072,-257.0679696599998,0.32230878486618486,-0.1187834869537115
3914654298562589441,343.47044905000007,483.0,200.0,0.4140786749482402,0.16018815135686523,0.010976836334010375,3893.068918769999,138.0,141.0,139.0,62.0,140.0,620.0,-0.5889526460247889,-0.5503259837323554,-1.315593974529227,0.28857040155592834,-3893.068918769999,-1.029716385904335,-0.7616127783213626
3919174299855478272,1456.3718076199984,1267.0,609.0,0.48066298342541436,0.1264016099870624,0.011491608845265273,9684.34458371,140.0,140.0,120.0,34.0,146.0,580.0,-0.5986687978661077,-0.40667509189981765,-1.3117470327877858,0.7298327000108258,-9684.34458371,-3.1831675481726602,-1.5236430670031305
3919965573764932864,0.0,1.0,0.0,0.0,,,,,,142.0,149.0,,,,-0.5946604037995149,,-2.4555792641488123,,,
3923766029921022977,772.72903189,1259.0,359.0,0.2851469420174742,0.31346778389408825,0.07238099702504557,205.5326576000001,127.0,121.0,133.0,112.0,74.0,567.0,-0.5448733137364512,-0.4949182175571299,-0.8567151033854232,-0.5658758503910486,-205.5326576000001,0.3414718819235958,-0.19952886964923838
3925368433214965504,6789.43673863,1458.0,486.0,0.3333333333333333,0.7356040718528242,0.27487340370960084,162.05753631999778,95.0,33.0,24.0,94.0,71.0,317.0,-0.4234776305664789,0.2817053540768172,0.6565290473186297,-0.24653878325649636,-162.05753631999778,0.35763784532557236,0.22156398019028917
3926423286576838657,1309.4599595900004,478.0,163.0,0.3410041841004184,0.2712851604838187,0.05025983601148875,1119.0932,130.0,132.0,127.0,89.0,115.0,593.0,-0.5570039656914234,-0.425638154374099,-1.0220285492505545,-0.19570312365437198,-1119.0932,0.0017698670905403461,-0.30455671523724054
3930688517098515713,1947.2445734700004,288.0,140.0,0.4861111111111111,0.5709441622667065,0.06311486826947789,1193.9074265100007,110.0,125.0,106.0,30.0,117.0,488.0,-0.4708296417180683,-0.3433143007140981,-0.9259617253630902,0.7659381038191486,-1193.9074265100007,-0.026049354848333785,-0.24625147996099053
3931992636670880512,10374.965289980002,6050.0,2430.0,0.40165289256198344,1.1133624280866319,0.05079627547200391,1651.1316999599994,77.0,131.0,14.0,64.0,122.0,408.0,-0.3148439143088244,0.7445175971621139,-1.0180196884289436,0.20622323266192868,-1651.1316999599994,-0.19606546184164353,0.1383202374231372
3932103299427844097,3860.3097053499996,2589.0,778.0,0.3005021243723445,0.4364995508487181,0.0833221058818548,669.4568359399987,120.0,117.0,46.0,108.0,102.0,493.0,-0.5094924999398271,-0.0963800057632771,-0.7749512029465545,-0.46411519215087277,-669.4568359399987,0.16896445543399563,-0.09233579789293084
3935808725185052672,2301.9641228600003,1715.0,602.0,0.3510204081632653,0.23589016450722947,0.06325386386802234,1394.9714398600001,133.0,124.0,98.0,87.0,121.0,563.0,-0.5671826682572556,-0.2975278711910143,-0.9249229986280247,-0.1293243903928224,-1394.9714398600001,-0.10081380370027357,-0.28704091208058663
3936410995029308417,10681.514,20.0,6.0,0.3,5.955681070532478,0.2989837004791926,0.0,19.0,26.0,13.0,109.0,1.0,168.0,1.0776840357731827,0.7840862392932276,0.8367074853929022,-0.46744283134572795,-0.0,0.4178979693696341,0.6621636924277067
3937714876784951296,1117.5308932099997,511.0,201.0,0.3933463796477495,0.1768001263393755,0.016314451097396963,3858.8245098499992,136.0,139.0,129.0,67.0,139.0,610.0,-0.5841754636092334,-0.4504119416839645,-1.27570549450346,0.15117496281413587,-3858.8245098499992,-1.0169828075950853,-0.7159900703113355
3939318616482048768,9775.38910984,315.0,118.0,0.3746031746031746,1.9383805142909147,0.20382946098037483,87.00335997999991,44.0,63.0,15.0,77.0,60.0,259.0,-0.07758965055753536,0.6671256051985778,0.12561120927134814,0.026961466758742905,-87.00335997999991,0.38554629117126576,0.4164376344249042
3939925275039085824,2378.8786707,5928.0,2148.0,0.3623481781376518,1.3006710728356763,0.22595328142597285,78.62181989999999,68.0,48.0,92.0,83.0,57.0,348.0,-0.26097870171858484,-0.28759990829742116,0.29094452931372117,-0.054253883097853485,-78.62181989999999,0.3886629166388019,0.00935082599126158
3941019213896463617,4234.08779003,112.0,55.0,0.49107142857142855,0.8966122228953106,0.08777363799755787,4944.99999998,86.0,116.0,44.0,27.0,143.0,416.0,-0.3771757724953544,-0.04813354187115604,-0.7416844990436634,0.7988107300229031,-4944.99999998,-1.420870656658829,-0.639438892637262
3942630767220672256,6611.898480419999,4969.0,1903.0,0.3829744415375327,1.0773639747472605,0.06797969001775644,6083.726687979999,79.0,123.0,26.0,72.0,145.0,445.0,-0.3251961558972626,0.2587891010505541,-0.8896064704904052,0.08243886936179985,-6083.726687979999,-1.8442993538325738,-0.6911266331338959
3943533600390906881,2361.42457205,1759.0,964.0,0.5480386583285958,2.11059175987271,0.4280792022224648,32.30352141,41.0,10.0,93.0,14.0,49.0,207.0,-0.028066066816263977,-0.28985284546736706,1.8014498976826354,1.1763394798765305,-32.30352141,0.4058860984537216,0.14613108226150306
3944088772635000577,7581.4919834,6063.0,2774.0,0.4575292759360053,1.3902423589557498,0.2991410762565448,97.20372502999987,64.0,25.0,19.0,41.0,63.0,212.0,-0.23522027302831722,0.3839421259305673,0.8378835688739569,0.5765228110591466,-97.20372502999987,0.3817533465346524,0.32362651470244047
3944239644144231424,-1187.8909756800008,858.0,227.0,0.26456876456876455,-0.24125556806546528,-0.023731314255788484,5867.434541539998,147.0,145.0,149.0,118.0,144.0,703.0,-0.7043976716330403,-0.7479907926450441,-1.57497113697062,-0.7022499314126035,-5867.434541539998,-1.7638724149181477,-1.1726950050813936
3944658614777849089,2074.4499799600003,45.0,20.0,0.4444444444444444,7.142433618139712,0.4074903672652918,0.0,7.0,12.0,102.0,46.0,1.0,168.0,1.4189639502935092,-0.3268949029413353,1.647587663641987,0.48980804370760894,-0.0,0.4178979693696341,0.3149866687167181
3946087913459823360,-40.66724167000001,6085.0,1930.0,0.3171733771569433,-0.10932811682877251,-0.005708494004031473,453.51285959999984,145.0,143.0,144.0,102.0,87.0,621.0,-0.6664586847973077,-0.5999096430867876,-1.4402849639347695,-0.35363277534577026,-453.51285959999984,0.249261929382515,-0.319447175428174
3949214983441029120,1317.57755896,4530.0,1675.0,0.369757174392936,0.6637819663257494,0.05876960185539703,131.1565297200001,101.0,128.0,126.0,80.0,67.0,502.0,-0.444131845368352,-0.42459035226651776,-0.9584342960239838,-0.005153565145746461,-131.1565297200001,0.36912819951141745,-0.14037823381864392
3949329502284748801,425.96505789,384.0,72.0,0.1875,2.1531172746242206,0.1360713834645185,44.93445042000002,39.0,88.0,138.0,133.0,52.0,450.0,-0.015836808013668446,-0.5396777586763007,-0.3807510595299245,-1.2129939936468845,-44.93445042000002,0.40118936316933845,-0.11058921395322646
3951723256343550465,5260.022863889999,3447.0,1215.0,0.3524804177545692,0.40409780801076234,0.05837825364318956,1073.144928380002,122.0,129.0,35.0,86.0,112.0,484.0,-0.5188104188676969,0.08429193068971672,-0.9613588767660853,-0.11964872952377845,-1073.144928380002,0.018855456630566227,-0.08016982567914832
3952087967771302912,1032.60525986,172.0,58.0,0.3372093023255814,1.1686819544481477,0.17366917326887601,0.0,73.0,71.0,131.0,92.0,1.0,368.0,-0.29893542246186916,-0.4613739581072765,-0.09977936072703787,-0.22085226603681823,-0.0,0.4178979693696341,-0.07816897118931818
3953433416230728705,4924.76177998,527.0,110.0,0.20872865275142316,0.8135910248077227,0.16710402665017163,675.6869999,90.0,74.0,36.0,131.0,104.0,435.0,-0.4010505620998375,0.04101715765655445,-0.14884129782350014,-1.0723091337987851,-675.6869999,0.16664780628845263,-0.002965830375641701
3953764659057081857,6048.86608919,583.0,180.0,0.30874785591766724,0.7209621566667568,0.12403094507422256,957.0232210199999,96.0,92.0,28.0,106.0,109.0,431.0,-0.4276882737820254,0.18611410204190784,-0.47073034944182396,-0.40946972781630686,-957.0232210199999,0.06203461786318381,0.009266665557254014
3956048468100538880,1373.56489,28.0,20.0,0.7142857142857143,2.6916275847969366,0.5248618803115559,0.0,34.0,3.0,123.0,4.0,1.0,165.0,0.1390250905300568,-0.41736362909533414,2.524715643325832,2.278078909191865,-0.0,0.4178979693696341,0.1791628104432393
3956076827719377409,16790.01223802,3916.0,2019.0,0.5155771195097038,2.01428711787532,0.09952801745500311,635.050014530003,43.0,105.0,7.0,22.0,97.0,274.0,-0.05576083777339986,1.572557933475158,-0.6538429535241613,0.961212919907561,-635.050014530003,0.1817584258546873,0.6900506486190238
3957509601040585217,3174.18036672,1113.0,300.0,0.2695417789757412,0.6443638351720644,0.02523009867096165,3268.44,102.0,138.0,61.0,116.0,136.0,553.0,-0.44971600708229625,-0.18494409156268302,-1.2090780502385854,-0.669293161001387,-3268.44,-0.7974518644181872,-0.5173241524655705
3960874214179953664,19567.47128569,2391.0,1233.0,0.5156838143036386,0.45918101151096397,0.16294781502532266,2233.9999999899956,118.0,76.0,4.0,21.0,132.0,351.0,-0.5029698874781017,1.9310663189252524,-0.17990104486966235,0.9619199992642689,-2233.9999999899956,-0.4128015474242596,0.5692751050445422
3962024093501274881,9314.494060179997,1273.0,337.0,0.26472898664571876,0.28779593176251783,0.07406717883080459,1828.49470213,129.0,119.0,17.0,117.0,128.0,510.0,-0.5522558868926711,0.6076342725525885,-0.8441141135687367,-0.7011881202508301,-1828.49470213,-0.2620168316717212,0.015196208645300802
3966142151544441601,4883.800775939999,1932.0,1028.0,0.5320910973084886,0.6095471660974604,0.052488764364503296,1661.4546297299976,107.0,130.0,37.0,17.0,124.0,415.0,-0.4597283975082706,0.03573000016016771,-1.005371565180075,1.070653056281779,-1661.4546297299976,-0.1999039814351409,-0.15492814871918453
3975304792994095360,2536.0810463000003,2438.0,1040.0,0.4265791632485644,0.777285396140754,0.2625650049774659,91.88800600000013,94.0,37.0,81.0,58.0,61.0,331.0,-0.4114911395167992,-0.2673085668598024,0.564547265429141,0.371412655614939,-91.88800600000013,0.38372996481113075,0.016743098540604573
3975392755164484097,2330.27031414,1829.0,512.0,0.2799343903772553,0.3087497194974453,0.09520516173523216,451.22514720000004,128.0,106.0,96.0,114.0,86.0,530.0,-0.5462301093188446,-0.2938741694586531,-0.6861480470305634,-0.600420063137004,-451.22514720000004,0.2501126015334782,-0.14504388670379126
3976088733682659585,5901.150099820001,2814.0,1226.0,0.43567874911158494,0.7954008292253406,0.14072490358441286,1074.7210040000002,93.0,86.0,29.0,50.0,113.0,371.0,-0.4062816007068159,0.16704724274883295,-0.34597488092198425,0.43171671620724267,-1074.7210040000002,0.01826940235305102,0.010184317711306942
3977078013600312321,4622.3514376,5018.0,1638.0,0.32642487046632124,0.3709796554595297,0.08962888162540207,753.4702992500002,124.0,113.0,39.0,98.0,106.0,480.0,-0.5283343590475974,0.001982687038161624,-0.7278200948720065,-0.29232200565840954,-753.4702992500002,0.1377245524008209,-0.061146297914751
3977116548751698176,603.98050076,1624.0,456.0,0.28078817733990147,0.05453789703444762,0.030023743904114417,905.2161011400001,141.0,137.0,135.0,113.0,108.0,634.0,-0.619334977907626,-0.5166999116898454,-1.1732547039295107,-0.5947619132493738,-905.2161011400001,0.08129878503014527,-0.3350218208777497
3977234346014419201,2427.2928308600003,83.0,33.0,0.39759036144578314,8.55593117720845,0.3047358693024751,0.0,3.0,22.0,87.0,66.0,1.0,179.0,1.8254499756290306,-0.28135071358600156,0.8796939655686963,0.17930034559021532,-0.0,0.4178979693696341,0.3457391389177681
3978449781300392193,5888.6560088,784.0,344.0,0.4387755102040816,0.5023403298026339,0.12184255969003437,1201.6152299999985,115.0,94.0,30.0,49.0,120.0,408.0,-0.4905583628624313,0.16543453259816313,-0.4870843522231125,0.4522393280461751,-1201.6152299999985,-0.02891545540102498,-0.026880577637921867
3981810242465907713,2836.47282999,105.0,12.0,0.11428571428571428,2.236008193822161,0.19707291093117768,345.51956995,36.0,65.0,72.0,140.0,82.0,395.0,0.008000516688453743,-0.22853464741587076,0.07511889695064816,-1.698193956414304,-345.51956995,0.2894185871845023,-0.01018010810963442
3983074113875692800,2424.8295199599997,43.0,14.0,0.32558139534883723,5.589868521779376,0.36019860968207074,0.0,20.0,15.0,88.0,99.0,1.0,223.0,0.9724856305785728,-0.28166867241040316,1.2941720629730376,-0.2979118176958523,-0.0,0.4178979693696341,0.23876813365103017
3986814617275053313,16337.46188064,3554.0,2780.0,0.7822172200337648,1.6859968242654695,0.3297865686167943,2.38194747,49.0,20.0,8.0,2.0,41.0,120.0,-0.15016879465280056,1.5141437155966722,1.066900117291179,2.728269247568103,-2.38194747,0.4170122564724244,0.8633063426651211
3987739404272887297,12464.606315399998,6050.0,1381.0,0.22826446280991736,1.116694807802189,0.04988250241110751,3386.656093980002,76.0,133.0,11.0,125.0,137.0,482.0,-0.3138856064739117,1.0142439251963884,-1.0248483975253124,-0.9428429480600742,-3386.656093980002,-0.84140981076863,-0.022372182352855263
3988071780777702657,3424.4699222000004,2385.0,890.0,0.3731656184486373,0.71550424488449,0.0373410076387181,135.64724225,97.0,135.0,55.0,78.0,68.0,433.0,-0.42925783069620016,-0.1526372589901446,-1.1185721272993796,0.017434607541956693,-135.64724225,0.3674583549596055,-0.03550727398524392
3988187872032603905,2599.7616706199997,5238.0,1711.0,0.3266513936617029,0.7124850626848592,0.09370312131348603,1194.0331292400022,98.0,108.0,79.0,97.0,118.0,500.0,-0.4301260708740611,-0.2590888100901863,-0.6973729315560815,-0.29082080893303186,-1194.0331292400022,-0.026096096655438675,-0.21551725888626447
3988205565930333696,3283.93800993,371.0,141.0,0.38005390835579517,0.6694553406920348,0.0739423530200522,2247.36956996,99.0,120.0,60.0,74.0,133.0,486.0,-0.4425003268831619,-0.17077681320405722,-0.8450469481923687,0.06308414128905762,-2247.36956996,-0.41777294192465103,-0.3322426855032426
3991414786174551297,1787.98771569,311.0,93.0,0.2990353697749196,1.3845725465943057,0.12201028159519567,372.9699000000005,66.0,93.0,112.0,110.0,84.0,465.0,-0.23685076717131381,-0.36387083025229594,-0.48583095118903985,-0.47383555299461233,-372.9699000000005,0.27921134640183876,-0.10718430725490127
3993014919980212480,3078.6630103899997,695.0,331.0,0.4762589928057554,0.9230826886958383,0.14095234412741334,60.84000000000003,84.0,85.0,65.0,36.0,55.0,325.0,-0.36956353831567507,-0.19727326459911598,-0.34427519708216214,0.7006469193419357,-60.84000000000003,0.3952749798432389,0.016924381190655258
3993222640082269952,1884.46844302,3087.0,1434.0,0.4645286686103013,0.47630286956710677,0.09188282957686314,314.17752422000103,116.0,109.0,109.0,39.0,80.0,453.0,-0.49804607563071096,-0.35141730737816185,-0.710976137069415,0.6229086363366896,-314.17752422000103,0.3010729391287095,-0.11966496807653201
3994879592543698688,3658.7650624,653.0,361.0,0.552833078101072,1.6705308671254002,0.11938359825784192,175.48129108000057,51.0,96.0,52.0,12.0,72.0,283.0,-0.15461641142124985,-0.12239495082636813,-0.5054603943917885,1.2081126819559018,-175.48129108000057,0.35264630253562423,0.06273203197015585
3995532094997544704,-12346.6822186,6051.0,1295.0,0.21401421252685507,-0.37177864775361225,-0.06424753066795737,14186.53546330999,149.0,147.0,150.0,129.0,147.0,722.0,-0.7419327968524582,-2.188343346332531,-1.8777525029399866,-1.0372810872744695,-14186.53546330999,-4.85728025552017,-2.976575693292152
3996598927198996481,3509.0446188799997,2661.0,980.0,0.368282600526118,2.165972248709336,0.11340118610445976,160.68430590000116,38.0,97.0,54.0,82.0,70.0,341.0,-0.012140043708612094,-0.14172054071049472,-0.5501675038900178,-0.014925745237346993,-160.68430590000116,0.35814847283064977,0.05066014599027889
3998572645139652353,9603.585359879999,266.0,95.0,0.35714285714285715,0.9404644249995646,0.26229086225664516,214.71515507000004,83.0,38.0,16.0,85.0,75.0,297.0,-0.3645649920796371,0.6449495500505813,0.5624985719717794,-0.08875017747847361,-214.71515507000004,0.3380574252488759,0.36879889089408974
3998659472131949824,1449.32593976,147.0,72.0,0.4897959183673469,0.6166993759010915,0.3824381523639125,0.0,106.0,14.0,121.0,28.0,1.0,270.0,-0.4576716034821393,-0.40758455723026127,1.4603701857997196,0.7903577689990806,-0.0,0.4178979693696341,0.018817563840710233
3999240873283311617,42574.47367879,4522.0,2366.0,0.5232198142414861,1.0932908380976325,0.22750533430745346,300.81384848999005,78.0,47.0,2.0,20.0,79.0,226.0,-0.3206159941999053,4.900760251556274,0.3025431614942485,1.01186198604439,-300.81384848999005,0.30604214189127,2.1074009438165615
3999845462424248576,5843.15260681,3318.0,1443.0,0.4349005424954792,1.734659946111242,0.22593466080542524,325.7692295799984,47.0,49.0,31.0,53.0,81.0,261.0,-0.13617451581404644,0.1595610522335808,0.2908053757247669,0.42655944645481536,-325.7692295799984,0.29676263293291266,0.18307864699133686
4000222729738650369,1803.62013328,958.0,537.0,0.5605427974947808,1.4701583422612619,0.24808559855992166,115.13870181000004,58.0,40.0,110.0,10.0,64.0,282.0,-0.21223846438901572,-0.36185303171965005,0.4563413458800267,1.2592059286669717,-115.13870181000004,0.37508433286190285,0.014355577700109479
4000877324693233921,-836.1005588600019,6050.0,2714.0,0.44859504132231404,-0.01648508164589184,-0.0023272441536934803,14682.679015479993,143.0,142.0,148.0,44.0,148.0,625.0,-0.6397593841091345,-0.7025824491964683,-1.4150165766314189,0.5173145532768467,-14682.679015479993,-5.0417682631521625,-2.374006842518455
4002413037164645377,3686.9697606,576.0,107.0,0.1857638888888889,4.965881247172493,0.12578252713206128,38.336309929999516,21.0,91.0,50.0,135.0,51.0,348.0,0.7930427263531102,-0.11875434960048441,-0.4576406176000187,-1.2244994128181987,-38.336309929999516,0.4036428421831282,0.17003727120562073
4004410127575640832,2905.7638666800003,507.0,175.0,0.34516765285996054,1.2196540158332667,0.18907823554700176,486.26961986999913,70.0,68.0,68.0,88.0,89.0,383.0,-0.28427715120935565,-0.2195907107948305,0.015373961523375012,-0.16811131056209458,-486.26961986999913,0.23708152431172555,-0.040292332195788844
4004713168329653760,1667.19861,27.0,2.0,0.07407407407407407,6.63494269696239,0.27741111207010233,0.0,10.0,30.0,115.0,144.0,1.0,300.0,1.2730224407948,-0.37946202584425626,0.6754935724363735,-1.9646813795060756,-0.0,0.4178979693696341,0.1773618533814988
4006366295148391425,3018.5418056999997,681.0,117.0,0.17180616740088106,3.984157763441786,0.09097827663395537,688.0558008900002,25.0,110.0,66.0,137.0,105.0,443.0,0.5107239672438627,-0.2050335792085458,-0.7177359433864472,-1.3169989281822883,-688.0558008900002,0.16204854173797859,-0.011844054238157695
4008537296438699777,2330.84564531,535.0,249.0,0.4654205607476635,1.5239569982815566,0.10757234012134215,550.8991162000002,57.0,103.0,95.0,38.0,92.0,385.0,-0.19676733625456727,-0.2937999069599751,-0.5937269994470445,0.6288193138447579,-550.8991162000002,0.21304943327671882,-0.08236733146151676
4008711265867865600,11298.70638977,394.0,166.0,0.4213197969543147,0.6183868005027597,0.2662895922745809,509.54999999999995,105.0,35.0,12.0,61.0,91.0,304.0,-0.4571863429912493,0.863752093360149,0.592381444662963,0.33655819647142465,-509.54999999999995,0.22842485442593485,0.41284711078117275
4008804082027254529,3332.7334588700005,975.0,527.0,0.5405128205128205,0.1498126995496222,0.03869432969567701,4879.94865997,139.0,134.0,58.0,16.0,142.0,489.0,-0.5919363626496447,-0.16447840256449536,-1.1084586286243299,1.1264648387134968,-4879.94865997,-1.3966817055785496,-0.7191373316555418
4011626972687000576,5483.14982082,6056.0,2326.0,0.38408190224570676,0.547379024813737,0.07725671532102736,1133.2432568999989,111.0,118.0,32.0,70.0,116.0,447.0,-0.4776063771982864,0.11309267399733566,-0.8202784176218482,0.08977814596786249,-1133.2432568999989,-0.0034917467991139872,-0.060237819242105736
4012994295026226176,2500.33664614,627.0,251.0,0.4003189792663477,3.1723735843551593,0.21500005019192842,216.82089986000028,31.0,56.0,85.0,65.0,76.0,313.0,0.2772754393209819,-0.27192237644990025,0.20909003724850891,0.1973832272577491,-216.82089986000028,0.33727441666357943,0.07135039460460019
4013955990069013504,1690.02704985,358.0,236.0,0.659217877094972,1.4165346843692994,0.22928330457914511,347.8586470499997,62.0,46.0,114.0,5.0,83.0,310.0,-0.22765926750297114,-0.3765153803771219,0.31583009485543073,1.9131376645432538,-347.8586470499997,0.28854881537755417,-0.021269306646367572
4013978721149559808,3778.87822398,294.0,61.0,0.20748299319727892,6.2387827844744885,0.1621886599170136,0.0,17.0,77.0,48.0,132.0,1.0,275.0,1.1590969039650305,-0.10689100463300254,-0.18557427995998052,-1.0805642709403298,-0.0,0.4178979693696341,0.24732699153066856
4014818740371615232,2013.64751009,529.0,111.0,0.20982986767485823,0.4581441101119697,0.19111284904566359,94.40199994000022,119.0,67.0,104.0,130.0,62.0,482.0,-0.5032680740053,-0.33474315378152614,0.030578813034621084,-1.0650112487666927,-94.40199994000022,0.38279515122510116,-0.07826937471584067
4016164457907769600,3742.6873197200002,712.0,310.0,0.4353932584269663,0.25117495434876536,0.1575441690504537,647.8375666200002,132.0,79.0,49.0,51.0,100.0,411.0,-0.562787150606084,-0.11156244800319944,-0.22028298213748396,0.42982473476952193,-647.8375666200002,0.17700345121628755,-0.05791932646623722
4017110277719148289,2899.93302141,252.0,143.0,0.5674603174603174,0.9469238906518587,0.39402569727778675,0.0,82.0,13.0,69.0,9.0,1.0,174.0,-0.3627074136905225,-0.22034334364654104,1.5469649616189263,1.3050491735607257,-0.0,0.4178979693696341,0.12266946756234942
4017263283405469185,7141.3664193899995,6050.0,2034.0,0.336198347107438,0.22634677954698415,0.030090117918076767,4788.433923360002,135.0,136.0,22.0,93.0,141.0,527.0,-0.5699271035736438,0.3271316734124984,-1.1727586848933809,-0.2275519890405623,-4788.433923360002,-1.3626524990065771,-0.5319884624755481
4017323550554338817,3134.7351025,545.0,273.0,0.5009174311926605,3.9559504475150082,0.21320832767437792,0.0,26.0,60.0,63.0,25.0,1.0,175.0,0.5026122590467765,-0.1900356006529891,0.19570033210469212,0.8640613851187231,-0.0,0.4178979693696341,0.17927595993390752
4019895412775450368,2640.30025492,571.0,242.0,0.4238178633975482,2.135845168409836,0.28470089498824014,0.0,40.0,29.0,76.0,60.0,1.0,206.0,-0.020803827418274804,-0.2538561776169847,0.7299707824285433,0.35311318616260895,-0.0,0.4178979693696341,0.09730413767799412
4020204877254599680,71998.85595307,6050.0,1993.0,0.3294214876033058,0.63358262221024,0.060748033614845466,21338.051187780005,103.0,126.0,1.0,96.0,149.0,475.0,-0.4528164103175414,8.698795650446465,-0.943649295753745,-0.2724630599744059,-21338.051187780005,-7.516528535147644,0.543803332726144
4021243448368889856,1498.1937579,6050.0,2290.0,0.3785123966942149,0.1715630153542979,0.09470702599199939,490.4929999399993,137.0,107.0,119.0,75.0,90.0,528.0,-0.5856815238177617,-0.40127680533143945,-0.6898706606931976,0.05286835630246234,-490.4929999399993,0.23551108573365848,-0.18740343797617193
4021669203289716224,26427.33159178,1682.0,528.0,0.31391200951248516,0.8121235348786193,0.06825074237072411,2537.8666286100033,91.0,122.0,3.0,104.0,134.0,454.0,-0.40147257496054184,2.816522198036279,-0.887580871632756,-0.3752462547948118,-2537.8666286100033,-0.5257925329057102,0.840014521927008
4022565861939831809,14197.577075890002,705.0,372.0,0.5276595744680851,0.4692666550330663,0.29960236775731947,385.07555368999965,117.0,24.0,9.0,18.0,85.0,253.0,-0.5000695123611107,1.2379320295796687,0.8413308421655633,1.0412848162424284,-385.07555368999965,0.2747099315984361,0.60342657702763
4022641794255717633,2176.83382376,6052.0,2634.0,0.43522802379378717,3.5947538657216573,0.5587376178424318,115.99559388000023,29.0,2.0,99.0,52.0,65.0,247.0,0.39874128880280457,-0.31367941860585796,2.777872107356805,0.42872970478890765,-115.99559388000023,0.37476570267904835,0.2173759780133322
4023616625178799873,2087.7711930100004,827.0,339.0,0.40991535671100365,1.6818685390605084,0.25334428453106844,3.088799999999992,50.0,39.0,101.0,63.0,42.0,295.0,-0.151355984707463,-0.32517542967428614,0.4956399838710497,0.26097958599325005,-3.088799999999992,0.4167494175936786,0.036281977082219946
4023697433751327232,2408.22399998,42.0,4.0,0.09523809523809523,6.581765705064664,0.30015934309004805,0.0,13.0,23.0,91.0,141.0,1.0,269.0,1.2577300874850095,-0.2838120768874496,0.8454931694258193,-1.824424841036722,-0.0,0.4178979693696341,0.22542485452250347
4023697881318718465,3151.95061998,70.0,6.0,0.08571428571428572,6.841594107327764,0.2758701284486444,0.0,9.0,31.0,62.0,143.0,1.0,246.0,1.3324501418831158,-0.18781345902263086,0.6639776618415896,-1.8875402833479313,-0.0,0.4178979693696341,0.2647095402420302
4026179081117855488,6796.18836,197.0,46.0,0.233502538071066,0.8477311750447865,0.13958624744632822,1824.6434998900022,87.0,87.0,23.0,122.0,127.0,446.0,-0.39123272132240844,0.2825768387089883,-0.3544841616838256,-0.9081295871785604,-1824.6434998900022,-0.2605847851901384,-0.07433652702757058
4027747397961573889,2638.21944996,460.0,207.0,0.45,0.35993688861388207,0.08976022874771153,483.9062899800001,125.0,112.0,77.0,43.0,88.0,445.0,-0.5315099785419469,-0.25412476340487306,-0.7268385258946758,0.5266253850558145,-483.9062899800001,0.23796031437334397,-0.1115345414147429
4028427053699127040,2633.02381341,121.0,36.0,0.2975206611570248,1.5827735750129672,0.2642711669506095,6.623939779999546,56.0,36.0,78.0,111.0,45.0,326.0,-0.17985318147162987,-0.25479540489371466,0.5772975688518035,-0.48387371095567067,-6.623939779999546,0.4154348970444138,0.05008935572180542
4028701921959171840,17601.401398240003,687.0,373.0,0.5429403202328966,0.7985926538828009,0.2757238783298301,585.677599929998,92.0,32.0,6.0,15.0,94.0,239.0,-0.40536371293951495,1.677290285171291,0.662884721417506,1.1425521741605058,-585.677599929998,0.20011726244884825,0.7602313864170176
4029299190618134272,3354.1458763699998,230.0,72.0,0.3130434782608696,1.2556645668129023,0.23854304533302662,0.537880370000039,69.0,45.0,57.0,105.0,39.0,315.0,-0.2739214306465992,-0.16171453418884896,0.3850289787161749,-0.38100211687602836,-0.537880370000039,0.41769796177632434,0.06838388535749923
4029422834086627072,2799.9025498399997,102.0,38.0,0.37254901960784315,2.6297926962369504,0.5116182899882395,0.0,35.0,5.0,73.0,79.0,1.0,193.0,0.12124294586588523,-0.23325505980252062,2.4257450897173753,0.01334833214259983,-0.0,0.4178979693696341,0.20281227619508957
4029506971304830209,2413.65400002,52.0,3.0,0.057692307692307696,6.290440752536811,0.24490724451952645,1.2715041200001451,16.0,41.0,90.0,145.0,40.0,332.0,1.1739524245705255,-0.2831111842680004,0.4325892173965763,-2.0732453347636035,-1.2715041200001451,0.4174251681797995,0.1886193692689075
4029507714735307777,1537.89995998,53.0,2.0,0.03773584905660377,7.086930847032033,0.19585236338189557,0.0,8.0,66.0,118.0,147.0,1.0,340.0,1.4030027619080605,-0.3961516149485254,0.0659976342334512,-2.2054992097081727,-0.0,0.4178979693696341,0.15364977730799145
4029749871687083265,3662.13654822,856.0,367.0,0.4287383177570093,6.548711229442733,0.3538772369515271,0.0,14.0,16.0,51.0,55.0,1.0,137.0,1.248224459173942,-0.1219597667544697,1.2469318702885932,0.38572163475590715,-0.0,0.4178979693696341,0.3530715851827475
4030392204221219329,1347.75800996,85.0,8.0,0.09411764705882353,8.040365167084088,0.20072959883358915,0.0,4.0,64.0,125.0,142.0,1.0,336.0,1.6771862754839681,-0.42069472515754475,0.10244565783948738,-1.831850187190982,-0.0,0.4178979693696341,0.19067934232174164
4030395639953224449,4413.76154738,492.0,86.0,0.17479674796747968,1.0310647503238781,0.16783749880260423,55.44099972999902,80.0,73.0,42.0,136.0,54.0,385.0,-0.33851063782985064,-0.024941643250963076,-0.14335999379563105,-1.2971799875833294,-55.44099972999902,0.39728256574989956,0.06336313588680535
4030555430101054209,3358.38032001,121.0,32.0,0.2644628099173554,1.1822998713497836,0.3240861720995908,0.0,72.0,21.0,56.0,119.0,1.0,269.0,-0.29501925516523625,-0.1611679613945788,1.0243005362620012,-0.7029521057549086,-0.0,0.4178979693696341,0.09118016659522454
4030565764341697025,2789.87828996,105.0,51.0,0.4857142857142857,1.7072706737319385,0.33289916900470373,4.030795650000073,48.0,18.0,74.0,31.0,44.0,215.0,-0.14405097544771575,-0.23454896951036155,1.0901608627561714,0.7633082937228483,-4.030795650000073,0.4163991421544304,0.11338086506474318
4030626027667524352,3796.34803991,233.0,116.0,0.4978540772532189,0.31538199963512054,0.21044591322903472,670.806,126.0,61.0,47.0,26.0,103.0,363.0,-0.544322833869532,-0.10463603871066833,0.17505655800136022,0.8437601665401405,-670.806,0.16846277686070832,-0.02816643855123717
4030635536196756737,2581.61417484,1294.0,679.0,0.5247295208655333,0.5755627730804158,0.09049923129812805,47.186786250000296,108.0,111.0,80.0,19.0,53.0,371.0,-0.4695014464621294,-0.26143124945666696,-0.7213158927002604,1.0218669951847643,-47.186786250000296,0.40035184558399955,-0.03356896979171839
4030708912786799105,1612.84376999,60.0,2.0,0.03333333333333333,6.613749915510694,0.18414108868407544,0.0,11.0,70.0,116.0,148.0,1.0,346.0,1.2669279346933677,-0.3864780306165788,-0.021521785501493345,-2.2346752160595806,-0.0,0.4178979693696341,0.13385069980306788
4031173908980084736,5360.425729909999,225.0,85.0,0.37777777777777777,1.1550335162156287,0.2956368668788941,80.89999999999998,74.0,28.0,33.0,76.0,59.0,270.0,-0.30286036691867396,0.09725171471302704,0.8116962938526628,0.04799994752914584,-80.89999999999998,0.38781578901648867,0.18804046411271214
4031181049693676544,4545.242338399999,302.0,73.0,0.24172185430463577,1.6489928857010592,0.2144539866293801,22.344964960000198,53.0,58.0,41.0,121.0,48.0,321.0,-0.16081018827410748,-0.00797038812271037,0.20500925463809658,-0.8536591803229274,-22.344964960000198,0.40958912801102537,0.1255248728340749
4031408429897920512,1351.26659997,82.0,4.0,0.04878048780487805,7.986704848527834,0.15783060458517134,0.0,5.0,78.0,124.0,146.0,1.0,354.0,1.6617549296933605,-0.4202418439743832,-0.21814242336512232,-2.1323050474328635,-0.0,0.4178979693696341,0.16698743352142079
4031414524297538817,2726.7956177399997,244.0,90.0,0.36885245901639346,2.7062858507229155,0.2982766332704782,17.582599900000332,33.0,27.0,75.0,81.0,47.0,263.0,0.14324043580344223,-0.24269154392075368,0.8314235079082132,-0.011149223817150942,-17.582599900000332,0.4113599849287316,0.11999324759371384
4031451549482615297,3124.5412152699996,114.0,44.0,0.38596491228070173,1.9218649755054509,0.22530212904555774,3.9002427300001727,45.0,50.0,64.0,69.0,43.0,271.0,-0.08233910037024025,-0.19135140549099508,0.2860784084205305,0.10225708214755352,-3.9002427300001727,0.4164476874756302,0.08684137445712703
4031493134338259457,9082.698287860001,1889.0,683.0,0.36156696664902066,0.2320079725925961,0.15611399339634316,3682.109799199995,134.0,81.0,18.0,84.0,138.0,455.0,-0.568299088127134,0.5777145773699315,-0.23097081472586123,-0.05943106650542649,-3682.109799199995,-0.9512725010830045,-0.22138722853450993
4031673021422897664,1984.7171999899997,229.0,72.0,0.314410480349345,0.9831945125522412,0.2685456582674176,64.5300000000002,81.0,34.0,105.0,103.0,56.0,379.0,-0.35227690333120676,-0.33847741541653475,0.6092412307811697,-0.37194282802330886,-64.5300000000002,0.3939028754488864,-0.012440507769960168
4032403303704824321,2060.5705195200007,223.0,123.0,0.5515695067264574,0.5293010790874001,0.10783364846800163,1104.51520996,112.0,102.0,103.0,13.0,114.0,444.0,-0.4828051355954155,-0.3286864335698199,-0.5917742184337368,1.199738841004841,-1104.51520996,0.007190605354689161,-0.2041491738964587
4033614723417828608,4602.2398164900005,516.0,115.0,0.22286821705426357,0.5716911096851005,0.1087862941774184,647.2944777399998,109.0,100.0,40.0,127.0,99.0,475.0,-0.4706148385970515,-0.0006132773628179849,-0.5846550105035649,-0.9786045240173219,-647.2944777399998,0.17720539556283835,-0.045298605346373325
4033639786957934336,2848.14185731,149.0,25.0,0.16778523489932887,1.4117434818669992,0.21441244620885988,0.0,63.0,59.0,71.0,138.0,1.0,332.0,-0.22903709574840564,-0.2270284346968117,0.20469881930178338,-1.3436461361828813,-0.0,0.4178979693696341,0.020346930928551665
4034359562055356161,5284.654415929999,799.0,391.0,0.48936170212765956,0.40297189318853865,0.15741866816692487,1659.3539501500004,123.0,80.0,34.0,29.0,123.0,389.0,-0.519134203396376,0.08747131796471487,-0.22122086164130184,0.7874801652462899,-1659.3539501500004,-0.19912285631784,-0.10838972516692663
4034786679304751616,2521.07586938,321.0,123.0,0.38317757009345793,6.137121141245987,0.20821777919657045,0.0,18.0,62.0,83.0,71.0,1.0,235.0,1.1298615954072588,-0.26924540252817897,0.1584055099605135,0.08378502697039206,-0.0,0.4178979693696341,0.21676219572358216
4035034554469394176,2517.32079973,395.0,66.0,0.1670886075949367,4.289273434384597,0.10896770520343131,632.4248999400002,24.0,99.0,84.0,139.0,96.0,442.0,0.5984674907847427,-0.2697300987682922,-0.5832993094257715,-1.3482627699293728,-632.4248999400002,0.18273455898873103,-0.012081562076355024
4035430878731345664,2493.7504199500004,89.0,43.0,0.48314606741573035,3.8941793125480024,0.4696392626687302,0.0,28.0,7.0,86.0,33.0,1.0,155.0,0.48484844829796625,-0.27277251223122406,2.1120320049474746,0.7462883991670167,-0.0,0.4178979693696341,0.23575278061971627
4036548677626662656,3296.87667987,147.0,68.0,0.46258503401360546,1.1294624803889226,0.24267706977780532,0.0,75.0,43.0,59.0,40.0,1.0,218.0,-0.31021394786419615,-0.16910671777134426,0.4159229189500636,0.6100279338241978,-0.0,0.4178979693696341,0.08124739267002162
4037073643537925121,1540.40049962,446.0,83.0,0.1860986547085202,7.537780754527096,0.1644167759484137,0.0,6.0,75.0,117.0,134.0,1.0,333.0,1.5326557533439258,-0.3958288507191689,-0.16892336644272166,-1.2222808790766448,-0.0,0.4178979693696341,0.17923180345873868
4037121179310444801,7237.92173826,1595.0,772.0,0.48401253918495296,0.259743001626709,0.10910167793369158,1198.33178,131.0,98.0,20.0,32.0,119.0,400.0,-0.5603231976543769,0.3395948244007162,-0.5822981190416994,0.7520306128083061,-1198.33178,-0.027694524188657966,0.03610151155962536
4037179073830813185,2331.4349099799997,73.0,31.0,0.4246575342465753,1.3875698237204064,0.24056754653620288,0.0,65.0,44.0,94.0,59.0,1.0,263.0,-0.2359888263366792,-0.29372384595535955,0.40015826012459954,0.35867778685098745,-0.0,0.4178979693696341,0.035007371687696104
4037282461943784704,4760.3656195,504.0,136.0,0.2698412698412698,0.5061989218892265,0.11982504149488403,1680.70886221,113.0,95.0,38.0,115.0,125.0,486.0,-0.4894487297041657,0.019797258080601506,-0.5021614489781836,-0.6673083986645566,-1680.70886221,-0.20706355243668384,-0.17719339660858782
4037511388357114368,3552.34051692,953.0,413.0,0.4333683105981112,0.8149741304131377,0.08812388499816474,635.4510124099997,89.0,114.0,53.0,54.0,98.0,408.0,-0.4006528160290662,-0.13613200016443205,-0.7390670713897186,0.4164051595926142,-635.4510124099997,0.18160931719526466,-0.0696996418935928
4037717032428033792,1897.3229995000002,317.0,102.0,0.3217665615141956,4.901452031220194,0.2221109411055386,0.0,22.0,53.0,108.0,101.0,1.0,285.0,0.7745145189714234,-0.34975806912829893,0.26223037103928687,-0.3231931848016555,-0.0,0.4178979693696341,0.1319386511791645
4037785885739608577,1934.5792352600001,254.0,59.0,0.23228346456692914,6.582305205190574,0.2230736528566213,0.0,12.0,51.0,107.0,123.0,1.0,294.0,1.2578852340294389,-0.3449491150803642,0.269424803413284,-0.9162085353380252,-0.0,0.4178979693696341,0.18963392476273383
4038768306117031680,1741.9142598799997,100.0,22.0,0.22,3.362636156258727,0.13502764686297247,0.0,30.0,89.0,113.0,128.0,1.0,361.0,0.331990126394194,-0.36981789192667275,-0.3885509979721877,-0.9976125467598838,-0.0,0.4178979693696341,0.017099052114665114
4039129759104249600,1264.2891997200002,133.0,59.0,0.44360902255639095,6.531516721597985,0.522042606077144,0.0,15.0,4.0,128.0,47.0,1.0,195.0,1.2432797550911014,-0.4314686980158254,2.503646950853327,0.4842716013996082,-0.0,0.4178979693696341,0.29032245934356904
4039279455324236544,1038.80741926,327.0,181.0,0.5535168195718655,1.588587736302084,0.4716836338542197,0.0,55.0,6.0,130.0,11.0,1.0,203.0,-0.1781811762404148,-0.460573396833596,2.127309776538827,1.212643919718245,-0.0,0.4178979693696341,0.07717434294418954
4040382575336130560,0.0,76.0,0.0,0.0,0.0,,0.0,142.0,,142.0,149.0,1.0,,-0.6350186929968096,-0.5946604037995149,,-2.4555792641488123,-0.0,0.4178979693696341,
4040843843196854529,2151.70406,59.0,19.0,0.3220338983050847,2.071854298105965,0.3416676069898303,0.0,42.0,17.0,100.0,100.0,1.0,260.0,-0.03920597771609256,-0.3169231139683144,1.1556881963933,-0.32142151142233766,-0.0,0.4178979693696341,0.07699374032567755
4041804592937345281,-776.3429996899999,368.0,85.0,0.23097826086956522,-0.2676487616497532,-0.07792913671313921,1026.6208593800002,148.0,148.0,147.0,124.0,110.0,677.0,-0.7119876842843933,-0.6948690731614741,-1.9799963878297588,-0.9248582787478868,-1026.6208593800002,0.03615515297692272,-0.4843121345068508
4041860229502600193,2327.33599982,97.0,38.0,0.3917525773195876,2.714421678820921,0.45719346633802277,0.0,32.0,8.0,97.0,68.0,1.0,206.0,0.1455800934881362,-0.29425292438220413,2.0190234383218826,0.14061264122978595,-0.0,0.4178979693696341,0.16361436160097248
